epoch,accuracy,loss,val_accuracy,val_loss
0,0.729616105556488,0.21147719025611877,0.9786851406097412,0.15982301533222198
1,0.8764445185661316,0.14969228208065033,0.9794555902481079,0.15113462507724762
2,0.8830572962760925,0.14336316287517548,0.9514638185501099,0.14713574945926666
3,0.8437339663505554,0.13950110971927643,0.8920133709907532,0.14714954793453217
4,0.8334296345710754,0.1352481096982956,0.9551874399185181,0.15554599463939667
5,0.8119863867759705,0.13189423084259033,0.8593990802764893,0.13582134246826172
