epoch,accuracy,loss,val_accuracy,val_loss
0,0.9506933689117432,0.3308754563331604,0.9802259802818298,0.3142704963684082
